{"cameraMode":{"drawMode":0,"name":"Shaded","section":"Shading Mode"},"sceneLighting":false,"audioPlay":false,"sceneViewState":{"showFog":true,"showMaterialUpdate":false,"showSkybox":false,"showFlares":true,"showImageEffects":true,"showParticleSystems":true},"in2DMode":false,"pivot":{"x":-14.814167022705079,"y":0.693443775177002,"z":-51.231597900390628},"rotation":{"x":0.15796148777008058,"y":-0.7046831250190735,"z":0.16574572026729585,"w":0.6716318726539612},"size":8.641429901123047,"orthographic":false}